id,app_id,platforms,categories,genres,CompositeRating,header_image
37,570,"windows,mac","Multi-player,Co-op,Steam Trading Cards,Steam Workshop,SteamVR Collectibles,In-App Purchases,Valve Anti-Cheat enabled","Action,Strategy,Free to Play",0.959459,https://cdn.akamai.steamstatic.com/steam/apps/570/header.jpg?t=1714502360
34,440,"windows,mac","Multi-player,Cross-Platform Multiplayer,Steam Achievements,Steam Trading Cards,Captions available,Steam Workshop,In-App Purchases,Partial Controller Support,Valve Anti-Cheat enabled,Stats,Includes level editor,Commentary available,Remote Play on Phone,Rem","Action,Free to Play",0.798089,https://shared.akamai.steamstatic.com/store_item_assets/steam/apps/440/header.jpg?t=1695767057
411,72850,"windows,mac","Single-player,Steam Achievements,Steam Trading Cards,Steam Workshop,Partial Controller Support,Steam Cloud,Family Sharing",RPG,0.641095,https://cdn.akamai.steamstatic.com/steam/apps/72850/header.jpg?t=1647357402
36,550,"windows,mac","Single-player,Multi-player,PvP,Online PvP,Co-op,Online Co-op,Steam Achievements,Full controller support,Steam Trading Cards,Captions available,Steam Workshop,Steam Cloud,Valve Anti-Cheat enabled,Stats,Includes Source SDK,Commentary available,Remote Play o",Action,0.571865,https://cdn.akamai.steamstatic.com/steam/apps/550/header.jpg?t=1713549936
607,218620,"windows,mac","Single-player,Multi-player,Co-op,Online Co-op,Steam Achievements,Full controller support,Tracked Controller Support,VR Supported,Steam Trading Cards,In-App Purchases,Steam Cloud,Remote Play on Phone,Remote Play on Tablet,Remote Play on TV,Family Sharing","Action,RPG",0.571224,https://shared.akamai.steamstatic.com/store_item_assets/steam/apps/218620/header.jpg?t=1712649983
38,620,"windows,mac","Single-player,Multi-player,Co-op,Online Co-op,Shared/Split Screen Co-op,Shared/Split Screen,Steam Achievements,Full controller support,Steam Trading Cards,Captions available,Steam Workshop,Steam Workshop,Steam Cloud,Stats,Includes level editor,Commentary ","Action,Adventure",0.555166,https://cdn.akamai.steamstatic.com/steam/apps/620/header.jpg?t=1698805825
132,8870,"windows,mac","Single-player,Steam Achievements,Full controller support,Steam Trading Cards,Steam Cloud,Remote Play on Tablet,Remote Play on TV,Family Sharing",Action,0.533492,https://cdn.akamai.steamstatic.com/steam/apps/8870/header.jpg?t=1602794480
6,220,"windows,mac","Single-player,Steam Achievements,Full controller support,Steam Trading Cards,Captions available,Steam Cloud,Includes Source SDK,Remote Play on Phone,Remote Play on Tablet,Remote Play Together,Family Sharing",Action,0.530308,https://shared.akamai.steamstatic.com/store_item_assets/steam/apps/220/header.jpg?t=1699003213
367,49520,"windows,mac","Single-player,Multi-player,Co-op,Steam Achievements,Full controller support,Steam Trading Cards,Steam Cloud,Remote Play on Phone,Remote Play on Tablet,Remote Play on TV,Family Sharing","Action,RPG",0.525831,https://cdn.akamai.steamstatic.com/steam/apps/49520/header.jpg?t=1693524237
1394,391540,"windows,mac","Single-player,Steam Trading Cards,Remote Play on Phone,Remote Play on Tablet,Family Sharing","Indie,RPG",0.524045,https://cdn.akamai.steamstatic.com/steam/apps/391540/header.jpg?t=1579096091
3,70,"windows,mac","Single-player,Multi-player,PvP,Online PvP,Full controller support,Steam Cloud,Valve Anti-Cheat enabled,Remote Play on Phone,Remote Play on Tablet,Remote Play Together,Family Sharing",Action,0.510573,https://cdn.akamai.steamstatic.com/steam/apps/70/header.jpg?t=1700269108
1,10,"windows,mac","Multi-player,PvP,Online PvP,Shared/Split Screen PvP,Valve Anti-Cheat enabled,Family Sharing",Action,0.504365,https://cdn.akamai.steamstatic.com/steam/apps/10/header.jpg?t=1666823513
7,240,"windows,mac","Multi-player,Cross-Platform Multiplayer,Steam Achievements,Steam Cloud,Valve Anti-Cheat enabled,Stats,Includes Source SDK,Family Sharing",Action,0.491613,https://cdn.akamai.steamstatic.com/steam/apps/240/header.jpg?t=1666823740
1020,287700,"windows,mac","Single-player,Multi-player,Steam Achievements,Full controller support,Steam Trading Cards,Captions available,In-App Purchases,Steam Cloud,Steam Leaderboards,Remote Play on Phone,Remote Play on Tablet,Remote Play on TV,Family Sharing","Action,Adventure",0.489042,https://cdn.akamai.steamstatic.com/steam/apps/287700/header.jpg?t=1690416673
522,205100,"windows,mac","Single-player,Steam Achievements,Partial Controller Support,Steam Cloud,Remote Play on Tablet,Remote Play on TV,Family Sharing","Action,Adventure",0.487749,https://cdn.akamai.steamstatic.com/steam/apps/205100/header.jpg?t=1705604245
55,2310,"windows,mac","Single-player,Multi-player,PvP,Online PvP,Shared/Split Screen PvP,Co-op,Online Co-op,Shared/Split Screen Co-op,Shared/Split Screen,Cross-Platform Multiplayer,Full controller support,Steam Cloud,Remote Play Together,Family Sharing",Action,0.487558,https://shared.akamai.steamstatic.com/store_item_assets/steam/apps/2310/header.jpg?t=1691683243
32,400,"windows,mac","Single-player,Steam Achievements,Full controller support,Captions available,Includes level editor,Includes Source SDK,Commentary available,Remote Play on Phone,Remote Play on Tablet,Remote Play Together,Family Sharing",Action,0.482775,https://cdn.akamai.steamstatic.com/steam/apps/400/header.jpg?t=1699003695
10,400,"windows,mac","Single-player,Steam Achievements,Full controller support,Captions available,Includes level editor,Includes Source SDK,Commentary available,Remote Play on Phone,Remote Play on Tablet,Remote Play Together,Family Sharing",Action,0.482775,https://cdn.akamai.steamstatic.com/steam/apps/400/header.jpg?t=1699003695
1356,377160,"windows,mac","Single-player,Steam Achievements,Full controller support,Steam Cloud,Remote Play on Phone,Remote Play on Tablet,Remote Play on TV,Family Sharing",RPG,0.480673,https://cdn.akamai.steamstatic.com/steam/apps/377160/header.jpg?t=1712851055
503,203160,"windows,mac","Single-player,Multi-player,Steam Achievements,Full controller support,Steam Trading Cards,Steam Cloud,Remote Play on Phone,Remote Play on Tablet,Remote Play on TV,Family Sharing","Action,Adventure",0.479719,https://cdn.akamai.steamstatic.com/steam/apps/203160/header.jpg?t=1710446431
488,200510,"windows,mac","Single-player,Multi-player,Cross-Platform Multiplayer,Steam Achievements,Full controller support,Steam Trading Cards,Steam Cloud,Remote Play on TV,Family Sharing",Strategy,0.479625,https://cdn.akamai.steamstatic.com/steam/apps/200510/header.jpg?t=1587584126
646,225080,"windows,mac","Single-player,Full controller support,Family Sharing","Action,Adventure,Indie",0.478487,https://cdn.akamai.steamstatic.com/steam/apps/225080/header.jpg?t=1702506450
726,238210,"windows,mac","Single-player,Multi-player,Co-op,Steam Trading Cards,Family Sharing","Action,RPG",0.475696,https://cdn.akamai.steamstatic.com/steam/apps/238210/header.jpg?t=1645843384
582,214560,"windows,mac","Single-player,Steam Achievements,Full controller support,Steam Trading Cards,Steam Cloud,Steam Leaderboards,Remote Play on TV,Family Sharing","Action,Adventure,Indie",0.475581,https://cdn.akamai.steamstatic.com/steam/apps/214560/header.jpg?t=1668892924
642,224760,"windows,mac","Single-player,Steam Achievements,Full controller support,Steam Cloud,Steam Leaderboards,Family Sharing",Indie,0.473427,https://cdn.akamai.steamstatic.com/steam/apps/224760/header.jpg?t=1572375251
224,22300,"windows,mac","Single-player,Partial Controller Support",RPG,0.473017,https://cdn.akamai.steamstatic.com/steam/apps/22300/header.jpg?t=1665072658
618,220200,"windows,mac","Single-player,Steam Trading Cards,Steam Workshop,Partial Controller Support,Steam Cloud,Family Sharing","Indie,Simulation",0.472805,https://cdn.akamai.steamstatic.com/steam/apps/220200/header.jpg?t=1663603925
357,47810,"windows,mac","Single-player,Family Sharing",RPG,0.472015,https://cdn.akamai.steamstatic.com/steam/apps/47810/header.jpg?t=1706729390
1443,413150,"windows,mac","Single-player,Multi-player,Co-op,Online Co-op,LAN Co-op,Shared/Split Screen Co-op,Shared/Split Screen,Steam Achievements,Full controller support,Steam Trading Cards,Steam Cloud,Remote Play on Phone,Remote Play on Tablet,Remote Play Together,Family Sharing","Indie,RPG,Simulation",0.470085,https://cdn.akamai.steamstatic.com/steam/apps/413150/header.jpg?t=1711128146
189,17310,,,,0.469503,
212,20920,"windows,mac","Single-player,Steam Achievements,Steam Trading Cards,Partial Controller Support,Steam Cloud,Steam Leaderboards,Family Sharing",RPG,0.467268,https://cdn.akamai.steamstatic.com/steam/apps/20920/header.jpg?t=1700481810
626,221910,"windows,mac","Single-player,Steam Achievements,Full controller support,Captions available,Steam Cloud,Remote Play on Phone,Remote Play on Tablet,Remote Play on TV,Family Sharing","Adventure,Indie",0.467013,https://cdn.akamai.steamstatic.com/steam/apps/221910/header.jpg?t=1668035575
102,6310,"windows,mac","Single-player,Family Sharing","Action,Adventure,RPG",0.46684,https://cdn.akamai.steamstatic.com/steam/apps/6310/header.jpg?t=1675333329
949,273620,"windows,mac","Single-player,Multi-player,Family Sharing",Action,0.466354,https://cdn.akamai.steamstatic.com/steam/apps/273620/header.jpg?t=1668561070
931,269710,"windows,mac","Single-player,Multi-player,PvP,Online PvP,Shared/Split Screen PvP,Shared/Split Screen,Cross-Platform Multiplayer,Steam Achievements,Full controller support,Steam Trading Cards,Steam Cloud,Stats,Steam Leaderboards,Remote Play on TV,Remote Play Together,Fam","Action,Casual,Indie,Strategy",0.466216,https://cdn.akamai.steamstatic.com/steam/apps/269710/header.jpg?t=1673726244
491,200710,"windows,mac","Single-player,Multi-player,Co-op,Cross-Platform Multiplayer,Steam Achievements,Steam Trading Cards,Steam Workshop,Steam Cloud,Family Sharing","Action,Adventure,Indie,RPG",0.465986,https://cdn.akamai.steamstatic.com/steam/apps/200710/header.jpg?t=1712608749
532,206420,"windows,mac","Single-player,Multi-player,Co-op,Online Co-op,Cross-Platform Multiplayer,Steam Achievements,Full controller support,Steam Trading Cards,Steam Workshop,Steam Cloud,Remote Play on TV,Family Sharing","Action,Adventure",0.465764,https://cdn.akamai.steamstatic.com/steam/apps/206420/header.jpg?t=1686927307
11,420,"windows,mac","Single-player,Steam Achievements,Full controller support,Captions available,Steam Cloud,Stats,Includes Source SDK,Commentary available,Remote Play Together,Family Sharing",Action,0.464628,https://cdn.akamai.steamstatic.com/steam/apps/420/header.jpg?t=1699003557
33,420,"windows,mac","Single-player,Steam Achievements,Full controller support,Captions available,Steam Cloud,Stats,Includes Source SDK,Commentary available,Remote Play Together,Family Sharing",Action,0.464628,https://cdn.akamai.steamstatic.com/steam/apps/420/header.jpg?t=1699003557
736,239350,"windows,mac","Single-player,Multi-player,PvP,Shared/Split Screen PvP,Co-op,Shared/Split Screen Co-op,Shared/Split Screen,Steam Achievements,Full controller support,Steam Trading Cards,Steam Leaderboards,Remote Play on Phone,Remote Play on Tablet,Remote Play on TV,Remot",Indie,0.464607,https://cdn.akamai.steamstatic.com/steam/apps/239350/header.jpg?t=1632912566
112,6910,"windows,mac","Single-player,Multi-player,Full controller support,Family Sharing",Action,0.462598,https://cdn.akamai.steamstatic.com/steam/apps/6910/header.jpg?t=1700763294
219,22000,"windows,mac","Single-player,Steam Achievements,Steam Trading Cards,Steam Cloud,Family Sharing",Indie,0.461733,https://cdn.akamai.steamstatic.com/steam/apps/22000/header.jpg?t=1587578439
883,261570,"windows,mac","Single-player,Steam Achievements,Full controller support,Steam Trading Cards,Steam Cloud,Stats,Remote Play on TV,Family Sharing",Action,0.461515,https://cdn.akamai.steamstatic.com/steam/apps/261570/header.jpg?t=1667504148
35,500,"windows,mac","Single-player,Multi-player,Co-op,Steam Achievements,Full controller support,Captions available,Steam Cloud,Valve Anti-Cheat enabled,Stats,Steam Leaderboards,Includes Source SDK,Commentary available,Remote Play on TV,Remote Play Together,Family Sharing",Action,0.461153,https://shared.akamai.steamstatic.com/store_item_assets/steam/apps/500/header.jpg?t=1699003822
360,48000,"windows,mac","Single-player,Steam Achievements,Full controller support,Steam Trading Cards,Steam Cloud,Remote Play on Phone,Remote Play on Tablet,Remote Play on TV,Family Sharing","Action,Adventure,Indie",0.461025,https://cdn.akamai.steamstatic.com/steam/apps/48000/header.jpg?t=1673342440
624,221640,"windows,mac","Single-player,Full controller support,Family Sharing","Action,Indie",0.460812,https://cdn.akamai.steamstatic.com/steam/apps/221640/header.jpg?t=1653925774
730,238960,"windows,mac","Single-player,Multi-player,MMO,PvP,Online PvP,Co-op,Online Co-op,Steam Achievements,Full controller support,Steam Trading Cards,In-App Purchases,Remote Play on Tablet","Action,Adventure,Indie,Massively Multiplayer,RPG,Free to Play",0.460481,https://cdn.akamai.steamstatic.com/steam/apps/238960/header.jpg?t=1711061755
133,8880,"windows,mac","Single-player,Multi-player,Family Sharing","RPG,Strategy",0.459664,https://cdn.akamai.steamstatic.com/steam/apps/8880/header.jpg?t=1569012854
1282,354400,"windows,mac","Single-player,Steam Achievements,Steam Trading Cards,Partial Controller Support,Includes level editor,Commentary available,Family Sharing","Action,Adventure,Indie",0.459556,https://cdn.akamai.steamstatic.com/steam/apps/354400/header.jpg?t=1473703105
1043,291650,"windows,mac","Single-player,Steam Achievements,Steam Trading Cards,Steam Cloud,Commentary available,Remote Play on Tablet,Family Sharing",RPG,0.459318,https://cdn.akamai.steamstatic.com/steam/apps/291650/header.jpg?t=1683221851
1018,287450,"windows,mac","Single-player,Multi-player,Co-op,Steam Achievements,Steam Trading Cards,Steam Cloud,Stats,Steam Leaderboards,Family Sharing","Simulation,Strategy",0.455363,https://cdn.akamai.steamstatic.com/steam/apps/287450/header.jpg?t=1564604770
510,204100,,,,0.455055,
717,236850,"windows,mac","Single-player,Multi-player,PvP,Online PvP,Co-op,Online Co-op,Cross-Platform Multiplayer,Steam Achievements,Steam Trading Cards,Steam Workshop,Steam Cloud,Family Sharing","Simulation,Strategy",0.454975,https://cdn.akamai.steamstatic.com/steam/apps/236850/header.jpg?t=1716980955
160,12140,,,,0.454577,
308,40800,"windows,mac","Single-player,Steam Achievements,Full controller support,Steam Trading Cards,Steam Leaderboards,Remote Play on Phone,Remote Play on Tablet,Remote Play on TV,Family Sharing",Indie,0.454459,https://cdn.akamai.steamstatic.com/steam/apps/40800/header.jpg?t=1700669950
571,211820,"windows,mac","Single-player,Multi-player,PvP,Online PvP,Co-op,Online Co-op,Cross-Platform Multiplayer,Steam Achievements,Steam Trading Cards,Steam Workshop,Family Sharing","Action,Adventure,Casual,Indie,RPG",0.454089,https://cdn.akamai.steamstatic.com/steam/apps/211820/header.jpg?t=1661178495
227,22449,,,,0.453637,
286,38440,"windows,mac","Single-player,Family Sharing",,0.452901,https://cdn.akamai.steamstatic.com/steam/apps/38440/header.jpg?t=1670446679
473,113200,"windows,mac","Single-player,Steam Achievements,Steam Trading Cards,Family Sharing","Action,Adventure,Indie,RPG",0.452254,https://cdn.akamai.steamstatic.com/steam/apps/113200/header.jpg?t=1643480517
611,219150,"windows,mac","Single-player,Steam Achievements,Full controller support,Steam Trading Cards,Steam Cloud,Steam Leaderboards,Family Sharing","Action,Indie",0.451784,https://cdn.akamai.steamstatic.com/steam/apps/219150/header.jpg?t=1686261983
752,242680,"windows,mac","Single-player,Multi-player,Shared/Split Screen,Steam Achievements,Full controller support,Steam Cloud,Stats,Steam Leaderboards,Remote Play on TV,Remote Play Together,Family Sharing","Action,Indie,RPG",0.451579,https://cdn.akamai.steamstatic.com/steam/apps/242680/header.jpg?t=1449523044
1106,2596760,"windows,mac",Single-player,"Action,Indie",0.450709,https://cdn.akamai.steamstatic.com/steam/apps/2596760/header.jpg?t=1694724147
850,255710,"windows,mac","Single-player,Steam Achievements,Steam Trading Cards,Steam Workshop,Steam Cloud,Includes level editor,Remote Play on Tablet,Family Sharing","Simulation,Strategy",0.450014,https://cdn.akamai.steamstatic.com/steam/apps/255710/header.jpg?t=1716480226
585,214770,"windows,mac","Single-player,Multi-player,Shared/Split Screen,Steam Achievements,Full controller support,Steam Trading Cards,Steam Workshop,Steam Cloud,Steam Leaderboards,Remote Play on Phone,Remote Play on Tablet,Remote Play on TV,Remote Play Together,Family Sharing","Action,Adventure,Indie",0.449814,https://cdn.akamai.steamstatic.com/steam/apps/214770/header.jpg?t=1687889916
130,8500,"windows,mac","Multi-player,MMO,PvP,Online PvP,Co-op,Online Co-op,Steam Trading Cards","Action,Massively Multiplayer,RPG,Strategy,Free to Play",0.449561,https://cdn.akamai.steamstatic.com/steam/apps/8500/header_alt_assets_12.jpg?t=1713893199
215,21090,"windows,mac","Single-player,Family Sharing",Action,0.449317,https://cdn.akamai.steamstatic.com/steam/apps/21090/header.jpg?t=1681232225
459,107100,"windows,mac","Single-player,Steam Achievements,Full controller support,Steam Trading Cards,Steam Cloud,Steam Leaderboards,Remote Play on Phone,Remote Play on Tablet,Remote Play on TV,Family Sharing","Action,Indie,RPG",0.449057,https://cdn.akamai.steamstatic.com/steam/apps/107100/header.jpg?t=1670649904
679,230230,"windows,mac","Single-player,Multi-player,Co-op,Cross-Platform Multiplayer,Steam Achievements,Steam Trading Cards,Captions available,Steam Workshop,Steam Cloud,Includes level editor,Remote Play Together,Family Sharing","Adventure,Indie,RPG,Strategy",0.448544,https://cdn.akamai.steamstatic.com/steam/apps/230230/header.jpg?t=1589968473
1318,364360,"windows,mac","Yksinpeli,Moninpeli,PvP,Verkko-PvP,Lähiverkko-PvP,Yhteistyöpeli,Yhteistyöpeli verkossa,Lähiverkkoyhteistyöpeli,Steam-saavutukset,Steam-keräilykortit,Steam Workshop,Lainaamo","Toiminta,Strategia",0.448168,https://cdn.akamai.steamstatic.com/steam/apps/364360/header.jpg?t=1668768531
135,9010,"windows,mac","Single-player,Multi-player,Steam Cloud,Family Sharing",Action,0.447244,https://cdn.akamai.steamstatic.com/steam/apps/9010/header.jpg?t=1664380265
1383,387290,"windows,mac","Single-player,Steam Achievements,Full controller support,Steam Cloud,Stats,Remote Play on Phone,Remote Play on Tablet,Remote Play on TV,Family Sharing",Action,0.447137,https://cdn.akamai.steamstatic.com/steam/apps/387290/header.jpg?t=1701967651
583,214700,"windows,mac","Single-player,Commentary available,Family Sharing","Adventure,Casual,Indie",0.446921,https://cdn.akamai.steamstatic.com/steam/apps/214700/header.jpg?t=1638900313
606,218230,"windows,mac","Multi-player,MMO,PvP,Online PvP,Steam Trading Cards,Steam Cloud","Action,Massively Multiplayer,Free to Play",0.446658,https://cdn.akamai.steamstatic.com/steam/apps/218230/header.jpg?t=1700252005
1364,379720,"windows,mac","Single-player,Multi-player,Co-op,Steam Achievements,Steam Trading Cards,Partial Controller Support,Steam Cloud,Remote Play on Phone,Remote Play on Tablet,Family Sharing",Action,0.445926,https://cdn.akamai.steamstatic.com/steam/apps/379720/header.jpg?t=1692892793
575,212680,"windows,mac","Single-player,Steam Achievements,Steam Trading Cards,Remote Play on Phone,Remote Play on Tablet,Family Sharing","Indie,Simulation,Strategy",0.445325,https://cdn.akamai.steamstatic.com/steam/apps/212680/header.jpg?t=1689017446
777,247080,"windows,mac","Single-player,Multi-player,Co-op,Shared/Split Screen Co-op,Steam Achievements,Full controller support,Steam Trading Cards,Captions available,Steam Workshop,Steam Cloud,Steam Leaderboards,Includes level editor,Remote Play on Phone,Remote Play on Tablet,Rem","Action,Indie,RPG",0.444781,https://cdn.akamai.steamstatic.com/steam/apps/247080/header.jpg?t=1713241361
376,55230,"windows,mac","Single-player,Multi-player,Co-op,Steam Achievements,Full controller support,Steam Trading Cards,Steam Cloud,Remote Play on Phone,Remote Play on Tablet,Family Sharing",Action,0.444367,https://cdn.akamai.steamstatic.com/steam/apps/55230/header.jpg?t=1706618956
81,3830,"windows,mac","Single-player,Steam Achievements,Steam Trading Cards,Partial Controller Support,Steam Cloud,Remote Play on Phone,Remote Play on Tablet,Family Sharing",Action,0.443533,https://cdn.akamai.steamstatic.com/steam/apps/3830/header.jpg?t=1711143957
31,380,"windows,mac","Single-player,Steam Achievements,Full controller support,Captions available,Steam Cloud,Stats,Includes Source SDK,Commentary available,Remote Play Together,Family Sharing",Action,0.442946,https://cdn.akamai.steamstatic.com/steam/apps/380/header.jpg?t=1699003429
9,380,"windows,mac","Single-player,Steam Achievements,Full controller support,Captions available,Steam Cloud,Stats,Includes Source SDK,Commentary available,Remote Play Together,Family Sharing",Action,0.442946,https://cdn.akamai.steamstatic.com/steam/apps/380/header.jpg?t=1699003429
663,227300,"windows,mac","Single-player,Multi-player,Co-op,Online Co-op,Steam Achievements,Steam Trading Cards,Steam Workshop,Partial Controller Support,Steam Cloud,Includes level editor,Remote Play on Phone,Remote Play on Tablet,Remote Play Together,Family Sharing","Indie,Simulation",0.442733,https://cdn.akamai.steamstatic.com/steam/apps/227300/header.jpg?t=1716524980
126,8190,"windows,mac","Single-player,Steam Achievements,Full controller support,Steam Cloud,Remote Play on TV,Family Sharing","Action,Adventure",0.442543,https://cdn.akamai.steamstatic.com/steam/apps/8190/header.jpg?t=1660140289
566,210970,"windows,mac","Single-player,Steam Achievements,Captions available,Partial Controller Support,Steam Cloud,Remote Play on Phone,Remote Play on Tablet,Family Sharing","Adventure,Indie",0.440977,https://cdn.akamai.steamstatic.com/steam/apps/210970/header.jpg?t=1598383120
136,9050,"windows,mac","Single-player,Multi-player,Steam Cloud,Family Sharing",Action,0.440582,https://cdn.akamai.steamstatic.com/steam/apps/9050/header.jpg?t=1660240082
808,251470,"windows,mac","Single-player,Multi-player,PvP,Shared/Split Screen PvP,Co-op,Shared/Split Screen Co-op,Shared/Split Screen,Steam Achievements,Full controller support,Steam Trading Cards,Steam Cloud,Stats,Remote Play on Phone,Remote Play on Tablet,Remote Play on TV,Remote","Action,Indie",0.44035,https://cdn.akamai.steamstatic.com/steam/apps/251470/header.jpg?t=1715114308
928,269050,"windows,mac","Single-player,Steam Achievements,Family Sharing","Adventure,Indie",0.44022,https://cdn.akamai.steamstatic.com/steam/apps/269050/header.jpg?t=1578575546
107,6850,"windows,mac","Single-player,Steam Cloud,Family Sharing",Action,0.440158,https://cdn.akamai.steamstatic.com/steam/apps/6850/header.jpg?t=1667311130
105,6830,"windows,mac","Single-player,Multi-player,Co-op,Family Sharing",Strategy,0.439932,https://cdn.akamai.steamstatic.com/steam/apps/6830/header.jpg?t=1712822533
314,41050,"windows,mac","Single-player,Multi-player,Co-op,Shared/Split Screen,Includes level editor,Remote Play Together,Family Sharing","Action,Indie",0.439838,https://cdn.akamai.steamstatic.com/steam/apps/41050/header.jpg?t=1601675032
138,9340,"windows,mac","Single-player,Multi-player,Steam Cloud,Family Sharing","Action,Strategy",0.439576,https://cdn.akamai.steamstatic.com/steam/apps/9340/header.jpg?t=1711547477
1442,412830,"windows,mac","Single-player,Steam Achievements,Steam Trading Cards,Partial Controller Support,Steam Cloud,Remote Play on Phone,Remote Play on Tablet,Family Sharing",Adventure,0.439541,https://cdn.akamai.steamstatic.com/steam/apps/412830/header.jpg?t=1715703398
794,250320,"windows,mac","Single-player,Steam Achievements,Full controller support,Remote Play on TV,Family Sharing","Action,Adventure,Casual",0.439469,https://cdn.akamai.steamstatic.com/steam/apps/250320/header.jpg?t=1686747108
61,2640,,,,0.439458,
440,97110,"windows,mac","Single-player,Multi-player,Co-op,Family Sharing",Strategy,0.439189,https://cdn.akamai.steamstatic.com/steam/apps/97110/header.jpg?t=1447354554
688,231160,"windows,mac","Single-player,Steam Achievements,Full controller support,Steam Trading Cards,Remote Play on TV,Family Sharing","Action,Adventure,Indie",0.439189,https://cdn.akamai.steamstatic.com/steam/apps/231160/header.jpg?t=1651857485
187,17080,"windows,mac","Multi-player,Co-op","Action,Free to Play",0.438588,https://cdn.akamai.steamstatic.com/steam/apps/17080/header.jpg?t=1531277569
358,47870,"windows,mac","Single-player,Multi-player,PvP,Online PvP,Steam Trading Cards,Partial Controller Support,Family Sharing",Racing,0.437982,https://cdn.akamai.steamstatic.com/steam/apps/47870/header.jpg?t=1615216487
378,57300,"windows,mac","Single-player,Steam Achievements,Full controller support,Captions available,Includes level editor,Commentary available,Remote Play on Phone,Remote Play on Tablet,Remote Play on TV,Remote Play Together,Family Sharing","Action,Adventure,Indie",0.437803,https://cdn.akamai.steamstatic.com/steam/apps/57300/header.jpg?t=1685699016
190,1693980,"windows,mac","Single-player,Steam Achievements,Full controller support,Steam Cloud,HDR available,Family Sharing","Action,Adventure",0.437499,https://cdn.akamai.steamstatic.com/steam/apps/1693980/header.jpg?t=1702492799
1313,362890,"windows,mac","Single-player,Multi-player,PvP,Online PvP,Cross-Platform Multiplayer,Steam Achievements,Steam Trading Cards,Captions available,Steam Workshop,Partial Controller Support,Steam Cloud,Includes level editor,Includes Source SDK,Remote Play on Phone,Remote Play","Action,Adventure,Indie",0.437292,https://cdn.akamai.steamstatic.com/steam/apps/362890/header.jpg?t=1713848388
1180,321040,,,,0.436267,
1427,405640,"windows,mac","Single-player,Steam Achievements,Steam Trading Cards,Stats,Family Sharing",Indie,0.435442,https://cdn.akamai.steamstatic.com/steam/apps/405640/header.jpg?t=1701997794
1331,368370,"windows,mac","Single-player,Steam Achievements,Steam Trading Cards,Family Sharing","Adventure,Casual,Indie,Simulation",0.434952,https://cdn.akamai.steamstatic.com/steam/apps/368370/header.jpg?t=1684962832
859,257510,"windows,mac","Single-player,Steam Achievements,Full controller support,Steam Trading Cards,Steam Workshop,Steam Cloud,Includes level editor,Remote Play on TV,Family Sharing","Action,Adventure,Indie",0.433674,https://cdn.akamai.steamstatic.com/steam/apps/257510/header.jpg?t=1710246642
161,12150,,,,0.433621,
260,32360,"windows,mac","Single-player,Full controller support,Steam Cloud,Remote Play on Phone,Remote Play on Tablet,Remote Play on TV,Family Sharing",Adventure,0.433449,https://cdn.akamai.steamstatic.com/steam/apps/32360/header.jpg?t=1684960488
178,15320,"windows,mac","Single-player,Multi-player,Steam Cloud,Includes level editor,Family Sharing",Simulation,0.433176,https://cdn.akamai.steamstatic.com/steam/apps/15320/header.jpg?t=1709547324
293,39190,"windows,mac","Single-player,Family Sharing",RPG,0.433106,https://cdn.akamai.steamstatic.com/steam/apps/39190/header.jpg?t=1709630517
139,9350,"windows,mac","Single-player,Multi-player,Family Sharing",Strategy,0.433095,https://cdn.akamai.steamstatic.com/steam/apps/9350/header.jpg?t=1709632244
1385,388210,"windows,mac","Single-player,Steam Achievements,Full controller support,Steam Trading Cards,Steam Cloud,Commentary available,Remote Play on Phone,Remote Play on Tablet,Remote Play on TV,Family Sharing",Adventure,0.432992,https://cdn.akamai.steamstatic.com/steam/apps/388210/header.jpg?t=1710444508
1070,298030,"windows,mac","Single-player,Multi-player,Family Sharing",Strategy,0.432971,https://cdn.akamai.steamstatic.com/steam/apps/298030/header.jpg?t=1708071914
1360,377860,"windows,mac","Single-player,Multi-player,Shared/Split Screen,Steam Achievements,Full controller support,Steam Trading Cards,Steam Cloud,Steam Leaderboards,Remote Play on TV,Remote Play Together,Family Sharing",Action,0.432885,https://cdn.akamai.steamstatic.com/steam/apps/377860/header.jpg?t=1681246328
756,243040,"windows,mac","Single-player,Family Sharing",Simulation,0.432728,https://cdn.akamai.steamstatic.com/steam/apps/243040/header.jpg?t=1595800937
762,244210,"windows,mac","Single-player,Multi-player,PvP,Online PvP,Steam Achievements,VR Supported,Partial Controller Support,Steam Leaderboards,Includes level editor,Family Sharing","Indie,Racing,Simulation,Sports",0.432692,https://cdn.akamai.steamstatic.com/steam/apps/244210/header.jpg?t=1686917372
175,12900,"windows,mac","Single-player,Co-op,Steam Achievements,Full controller support,Family Sharing",Indie,0.432603,https://cdn.akamai.steamstatic.com/steam/apps/12900/header.jpg?t=1568404797
1209,326520,"windows,mac","Single-player,Steam Achievements,Full controller support,Steam Trading Cards,Steam Cloud,Steam Leaderboards,Remote Play on TV,Family Sharing",Casual,0.432432,https://cdn.akamai.steamstatic.com/steam/apps/326520/header.jpg?t=1584691987
693,232430,"windows,mac","Single-player,Steam Achievements,Full controller support,Steam Trading Cards,Captions available,Steam Cloud,Commentary available,Remote Play on TV,Family Sharing","Adventure,Indie",0.432432,https://cdn.akamai.steamstatic.com/steam/apps/232430/header.jpg?t=1683128551
844,254820,"windows,mac","Single-player,Multi-player,Co-op,Family Sharing",Strategy,0.432432,https://cdn.akamai.steamstatic.com/steam/apps/254820/header.jpg?t=1579791410
536,207140,"windows,mac","Single-player,Multi-player,PvP,Online PvP,Shared/Split Screen PvP,Shared/Split Screen,Cross-Platform Multiplayer,Steam Achievements,Full controller support,Steam Trading Cards,Steam Workshop,Steam Cloud,Stats,Includes level editor,Remote Play on Phone,Rem","Action,Casual,Indie,Racing,Sports",0.431753,https://cdn.akamai.steamstatic.com/steam/apps/207140/header.jpg?t=1699018142
543,207610,"windows,mac","Single-player,Steam Achievements,Full controller support,Steam Trading Cards,Family Sharing",Adventure,0.429319,https://cdn.akamai.steamstatic.com/steam/apps/207610/header.jpg?t=1681496660
989,282070,"windows,mac","Single-player,Steam Achievements,Steam Trading Cards,Steam Workshop,Partial Controller Support,Steam Cloud,Family Sharing","Adventure,Indie,Simulation",0.429015,https://cdn.akamai.steamstatic.com/steam/apps/282070/header.jpg?t=1716473405
307,40700,"windows,mac","Single-player,Steam Achievements,Full controller support,Steam Trading Cards,Steam Cloud,Steam Leaderboards,Remote Play on TV,Family Sharing","Adventure,Indie",0.428003,https://cdn.akamai.steamstatic.com/steam/apps/40700/header.jpg?t=1683630220
604,218060,"windows,mac","Single-player,Steam Achievements,Full controller support,Steam Trading Cards,Steam Cloud,Family Sharing","Action,Casual,Indie",0.427847,https://cdn.akamai.steamstatic.com/steam/apps/218060/header.jpg?t=1706303147
1381,386360,"windows,mac","Multi-player,Steam Achievements,Full controller support,Steam Trading Cards","Action,Adventure,Casual,Massively Multiplayer,RPG,Strategy,Free to Play",0.427686,https://cdn.akamai.steamstatic.com/steam/apps/386360/header.jpg?t=1715687726
803,251150,"windows,mac","Single-player,Steam Achievements,Steam Trading Cards,Partial Controller Support,Steam Cloud,Family Sharing",RPG,0.427607,https://cdn.akamai.steamstatic.com/steam/apps/251150/header.jpg?t=1624575033
443,98200,"windows,mac","Single-player,Multi-player,Steam Achievements,Steam Trading Cards,Steam Turn Notifications,Family Sharing","Indie,Strategy",0.427532,https://cdn.akamai.steamstatic.com/steam/apps/98200/header.jpg?t=1458256347
114,6980,"windows,mac","Single-player,Full controller support,Family Sharing",Action,0.426404,https://cdn.akamai.steamstatic.com/steam/apps/6980/header.jpg?t=1700763742
1169,319050,"windows,mac","Single-player,Multi-player,Co-op,Cross-Platform Multiplayer,Steam Achievements,Full controller support,Steam Trading Cards,Family Sharing","Indie,RPG,Strategy",0.4263,https://cdn.akamai.steamstatic.com/steam/apps/319050/header.jpg?t=1667234305
950,274190,"windows,mac","Single-player,Multi-player,PvP,Online PvP,Shared/Split Screen PvP,Co-op,Online Co-op,Shared/Split Screen Co-op,Shared/Split Screen,Full controller support,Includes level editor,Remote Play on Phone,Remote Play on Tablet,Remote Play on TV,Remote Play Toget","Action,Adventure,Casual,Indie",0.426096,https://cdn.akamai.steamstatic.com/steam/apps/274190/header.jpg?t=1710247458
315,41060,"windows,mac","Single-player,Multi-player,Co-op,Shared/Split Screen,Includes level editor,Remote Play Together,Family Sharing","Action,Indie",0.426052,https://cdn.akamai.steamstatic.com/steam/apps/41060/header.jpg?t=1601675107
1438,410710,"windows,mac","Single-player,Steam Trading Cards,Family Sharing","Action,Adventure,RPG",0.425845,https://cdn.akamai.steamstatic.com/steam/apps/410710/header.jpg?t=1591116076
1328,366970,"windows,mac","Single-player,Steam Achievements,Full controller support,Steam Trading Cards,Steam Cloud,Steam Leaderboards,Family Sharing","Action,Indie",0.425815,https://cdn.akamai.steamstatic.com/steam/apps/366970/header.jpg?t=1573151817
291,39120,"windows,mac","Multi-player,MMO,PvP,Online PvP,Co-op,Online Co-op,Steam Trading Cards,In-App Purchases","Action,Adventure,Massively Multiplayer,RPG,Free to Play",0.425701,https://cdn.akamai.steamstatic.com/steam/apps/39120/header.jpg?t=1700242293
1213,327500,"windows,mac","Single-player,Co-op,Steam Achievements,Partial Controller Support,Family Sharing","Action,Indie",0.425676,https://cdn.akamai.steamstatic.com/steam/apps/327500/header.jpg?t=1575386327
1469,429530,"windows,mac","Single-player,Multi-player,Steam Trading Cards,Family Sharing",Simulation,0.425676,https://cdn.akamai.steamstatic.com/steam/apps/429530/header.jpg?t=1683592398
1235,334140,"windows,mac","Single-player,Multi-player,Co-op,Shared/Split Screen Co-op,Shared/Split Screen,Steam Achievements,Full controller support,Steam Trading Cards,Steam Cloud,Stats,Steam Leaderboards,Remote Play Together,Family Sharing","Action,Casual,Indie",0.425676,https://cdn.akamai.steamstatic.com/steam/apps/334140/header.jpg?t=1665827718
465,108710,"windows,mac","Single-player,Steam Achievements,Full controller support,Steam Trading Cards,Steam Cloud,Remote Play on TV,Family Sharing","Action,Adventure",0.424239,https://cdn.akamai.steamstatic.com/steam/apps/108710/header.jpg?t=1667485381
990,282140,"windows,mac","Single-player,Steam Achievements,Full controller support,Steam Trading Cards,Steam Workshop,Steam Cloud,Remote Play on TV,Remote Play Together,Family Sharing","Action,Adventure,Indie",0.424121,https://cdn.akamai.steamstatic.com/steam/apps/282140/header.jpg?t=1685698900
1137,311690,"windows,mac","Single-player,Multi-player,Shared/Split Screen,Steam Achievements,Full controller support,Steam Cloud,Remote Play on Phone,Remote Play on Tablet,Remote Play on TV,Remote Play Together,Family Sharing","Action,Adventure,Indie",0.423972,https://cdn.akamai.steamstatic.com/steam/apps/311690/header.jpg?t=1713472631
723,237930,"windows,mac","Single-player,Steam Achievements,Full controller support,Steam Trading Cards,Steam Cloud,Remote Play on TV,Family Sharing","Action,Indie,RPG",0.423752,https://shared.akamai.steamstatic.com/store_item_assets/steam/apps/237930/header.jpg?t=1601337924
151,10090,,,,0.423231,
862,257850,"windows,mac","Single-player,Multi-player,PvP,Shared/Split Screen PvP,Co-op,Shared/Split Screen Co-op,Steam Achievements,Full controller support,Steam Trading Cards,Remote Play on Phone,Remote Play on Tablet,Remote Play on TV,Remote Play Together,Family Sharing","Action,Adventure,Indie,RPG",0.422257,https://cdn.akamai.steamstatic.com/steam/apps/257850/header.jpg?t=1649868127
856,256410,"windows,mac","Single-player,Multi-player,Cross-Platform Multiplayer,Steam Achievements,Steam Trading Cards","Free to Play,Strategy",0.422095,https://cdn.akamai.steamstatic.com/steam/apps/256410/header.jpg?t=1477937103
429,92800,"windows,mac","Single-player,Steam Achievements,Steam Trading Cards,Steam Cloud,Steam Leaderboards,Family Sharing","Indie,Simulation",0.421657,https://cdn.akamai.steamstatic.com/steam/apps/92800/header.jpg?t=1667072182
711,235460,"windows,mac","Single-player,Steam Achievements,Full controller support,Steam Cloud,Family Sharing",Action,0.421636,https://cdn.akamai.steamstatic.com/steam/apps/235460/header.jpg?t=1690416005
497,201790,"windows,mac","Single-player,Multi-player,Co-op,Online Co-op,LAN Co-op,Steam Achievements,Full controller support,Steam Trading Cards,Steam Workshop,Steam Cloud,Steam Leaderboards,Family Sharing","Action,Adventure,Indie,RPG,Strategy",0.421617,https://cdn.akamai.steamstatic.com/steam/apps/201790/header.jpg?t=1631205565
656,226980,,,,0.421147,
612,219640,"windows,mac","Multi-player,Steam Achievements,Full controller support,Steam Trading Cards,Steam Workshop,Valve Anti-Cheat enabled,Includes level editor,Remote Play on TV,Family Sharing","Action,Indie",0.421104,https://cdn.akamai.steamstatic.com/steam/apps/219640/header.jpg?t=1710276094
616,219990,"windows,mac","Single-player,Multi-player,Co-op,Online Co-op,LAN Co-op,Steam Achievements,Full controller support,Steam Trading Cards,Steam Cloud,Remote Play on Tablet,Remote Play on TV,Family Sharing","Action,Adventure,Indie,RPG",0.420979,https://cdn.akamai.steamstatic.com/steam/apps/219990/header.jpg?t=1709073331
1162,316790,"windows,mac","Single-player,Steam Achievements,Full controller support,Steam Trading Cards,Steam Cloud,Commentary available,Remote Play on TV,Remote Play Together,Family Sharing",Adventure,0.420892,https://cdn.akamai.steamstatic.com/steam/apps/316790/header.jpg?t=1677883403
1306,360740,"windows,mac","Single-player,Steam Achievements,Partial Controller Support,Steam Leaderboards,Remote Play on Phone,Remote Play on Tablet,Family Sharing","Action,Adventure,Indie",0.420868,https://cdn.akamai.steamstatic.com/steam/apps/360740/header.jpg?t=1584036317
469,110800,,,,0.420717,
998,283640,"windows,mac","Single-player,Multi-player,Shared/Split Screen,Steam Achievements,Full controller support,Steam Trading Cards,Remote Play on TV,Remote Play Together,Family Sharing","Action,Indie,RPG",0.42063,https://cdn.akamai.steamstatic.com/steam/apps/283640/header.jpg?t=1699197761
1114,306660,"windows,mac","Single-player,Multi-player,Steam Achievements,Steam Trading Cards,Stats,Steam Leaderboards,Family Sharing","Indie,Simulation,Strategy",0.420546,https://cdn.akamai.steamstatic.com/steam/apps/306660/header.jpg?t=1714903630
1359,377840,"windows,mac","Single-player,Steam Achievements,Steam Trading Cards,Partial Controller Support,Steam Cloud,Remote Play on Phone,Remote Play on Tablet,Family Sharing",RPG,0.420477,https://cdn.akamai.steamstatic.com/steam/apps/377840/header.jpg?t=1596707344
46,1520,"windows,mac","Single-player,Multi-player,PvP,Online PvP,LAN PvP,Co-op,Online Co-op,LAN Co-op,Cross-Platform Multiplayer,Steam Achievements,Family Sharing","Indie,Strategy",0.42032,https://cdn.akamai.steamstatic.com/steam/apps/1520/header.jpg?t=1686072081
1351,376300,"windows,mac","Single-player,Multi-player,PvP,Online PvP,Shared/Split Screen PvP,Shared/Split Screen,Steam Achievements,Full controller support,Steam Trading Cards,Steam Cloud,Steam Leaderboards,Remote Play Together,Family Sharing",Action,0.420264,https://cdn.akamai.steamstatic.com/steam/apps/376300/header.jpg?t=1671009243
359,47920,"windows,mac","Single-player,Multi-player,Partial Controller Support,Family Sharing",Racing,0.419911,https://cdn.akamai.steamstatic.com/steam/apps/47920/header.jpg?t=1622575073
1445,413420,"windows,mac","Single-player,Steam Achievements,Full controller support,Steam Trading Cards,Steam Cloud,Remote Play on Phone,Remote Play on Tablet,Family Sharing",Adventure,0.419763,https://cdn.akamai.steamstatic.com/steam/apps/413420/header.jpg?t=1715701289
835,253750,"windows,mac","Single-player,Multi-player,Shared/Split Screen,Steam Achievements,Full controller support,Steam Trading Cards,Steam Cloud,Steam Leaderboards,Remote Play on TV,Remote Play Together,Family Sharing","Action,Indie",0.419761,https://cdn.akamai.steamstatic.com/steam/apps/253750/header.jpg?t=1694751096
211,2232350,"windows,mac","Single-player,Family Sharing","Adventure,Indie,RPG",0.419684,https://cdn.akamai.steamstatic.com/steam/apps/2232350/header.jpg?t=1672981032
529,206190,"windows,mac","Single-player,Steam Achievements,Steam Trading Cards,Captions available,Steam Cloud,Includes level editor,Remote Play on Phone,Remote Play on Tablet,Remote Play Together,Family Sharing","Action,Indie,Strategy",0.419431,https://cdn.akamai.steamstatic.com/steam/apps/206190/header.jpg?t=1672704839
44,1500,"windows,mac","Single-player,Full controller support,Steam Cloud,Includes level editor,Family Sharing","Indie,Strategy",0.419295,https://cdn.akamai.steamstatic.com/steam/apps/1500/header.jpg?t=1656419098
1368,381780,"windows,mac","Single-player,Steam Achievements,Steam Cloud,Family Sharing","Adventure,Indie,Strategy",0.41926,https://cdn.akamai.steamstatic.com/steam/apps/381780/header.jpg?t=1667296454
506,203770,"windows,mac","Single-player,Multi-player,Steam Trading Cards","RPG,Simulation,Strategy,Free to Play",0.419242,https://cdn.akamai.steamstatic.com/steam/apps/203770/header.jpg?t=1709827159
1218,327740,"windows,mac","Single-player,Steam Cloud,Family Sharing",Action,0.419104,https://cdn.akamai.steamstatic.com/steam/apps/327740/header.jpg?t=1571780566
1389,390290,"windows,mac","Single-player,Steam Achievements,Steam Trading Cards,Family Sharing","Adventure,Indie",0.419091,https://cdn.akamai.steamstatic.com/steam/apps/390290/header.jpg?t=1560495748
334,44690,"windows,mac","Single-player,Multi-player,Family Sharing","Racing,Simulation,Sports",0.419064,https://cdn.akamai.steamstatic.com/steam/apps/44690/header.jpg?t=1478077613
68,2920,"windows,mac","Single-player,Multi-player,Co-op,Includes level editor,Family Sharing",Strategy,0.418919,https://cdn.akamai.steamstatic.com/steam/apps/2920/header.jpg?t=1573746932
1502,470260,"windows,mac","Single-player,Steam Achievements,Steam Trading Cards,Steam Cloud,Family Sharing","Adventure,Indie",0.418919,https://cdn.akamai.steamstatic.com/steam/apps/470260/header.jpg?t=1515241553
533,206440,"windows,mac","Single-player,Steam Achievements,Full controller support,Steam Trading Cards,Steam Cloud,Family Sharing","Adventure,Indie,RPG",0.418268,https://cdn.akamai.steamstatic.com/steam/apps/206440/header.jpg?t=1691637076
1398,394360,"windows,mac","Single-player,Multi-player,Co-op,Cross-Platform Multiplayer,Steam Achievements,Steam Trading Cards,Steam Workshop,Steam Cloud,Remote Play on Tablet,Family Sharing","Simulation,Strategy",0.416136,https://cdn.akamai.steamstatic.com/steam/apps/394360/header.jpg?t=1716480042
453,102600,"windows,mac","Single-player,Steam Achievements,Partial Controller Support,Steam Cloud,Stats,Steam Leaderboards,Family Sharing","Action,Indie,Strategy",0.415898,https://cdn.akamai.steamstatic.com/steam/apps/102600/header.jpg?t=1666985655
492,200900,"windows,mac","Single-player,Steam Achievements,Partial Controller Support,Family Sharing","Action,Adventure,Indie",0.415554,https://cdn.akamai.steamstatic.com/steam/apps/200900/header.jpg?t=1591664460
508,204030,"windows,mac","Single-player,Family Sharing","Action,Adventure,RPG",0.415103,https://cdn.akamai.steamstatic.com/steam/apps/204030/header.jpg?t=1577393131
362,48700,"windows,mac","Single-player,Multi-player,Steam Achievements,Steam Trading Cards,Steam Workshop,Family Sharing","Action,RPG",0.41506,https://cdn.akamai.steamstatic.com/steam/apps/48700/header.jpg?t=1709541919
318,41500,"windows,mac","Single-player,Steam Achievements,Steam Cloud,Includes level editor,Family Sharing",RPG,0.414851,https://cdn.akamai.steamstatic.com/steam/apps/41500/header.jpg?t=1712608874
784,248610,"windows,mac","Single-player,Multi-player,Co-op,Online Co-op,Cross-Platform Multiplayer,Steam Achievements,Steam Trading Cards,Steam Workshop,Steam Cloud,Includes level editor,Remote Play Together,Family Sharing","Action,Indie,Simulation,Strategy",0.414693,https://cdn.akamai.steamstatic.com/steam/apps/248610/header.jpg?t=1667857903
410,80776,"windows,mac",,,0.414404,
498,201810,"windows,mac","Single-player,Steam Achievements,Partial Controller Support,Steam Leaderboards,Family Sharing",Action,0.41374,https://cdn.akamai.steamstatic.com/steam/apps/201810/header.jpg?t=1691683281
1454,422970,"windows,mac","Single-player,Family Sharing","Action,Indie",0.413733,https://cdn.akamai.steamstatic.com/steam/apps/422970/header.jpg?t=1656365226
816,252030,"windows,mac","Single-player,Steam Achievements,Steam Trading Cards,Partial Controller Support,Steam Cloud,Steam Leaderboards,Family Sharing","Action,Indie,RPG",0.413651,https://cdn.akamai.steamstatic.com/steam/apps/252030/header.jpg?t=1544621869
1444,413410,"windows,mac","Single-player,Steam Achievements,Full controller support,Steam Trading Cards,Steam Cloud,Remote Play on Phone,Remote Play on Tablet,Family Sharing",Adventure,0.413624,https://cdn.akamai.steamstatic.com/steam/apps/413410/header.jpg?t=1715701305
131,8600,"windows,mac","Single-player,Multi-player,Family Sharing",Racing,0.413548,https://cdn.akamai.steamstatic.com/steam/apps/8600/header.jpg?t=1478078194
435,95400,"windows,mac","Multi-player,Co-op,Shared/Split Screen,Cross-Platform Multiplayer,Steam Achievements,Full controller support,Steam Trading Cards,Steam Cloud,Steam Leaderboards,Remote Play Together,Family Sharing","Action,Adventure,Indie",0.413312,https://cdn.akamai.steamstatic.com/steam/apps/95400/header.jpg?t=1590420876
615,219890,"windows,mac","Single-player,Steam Trading Cards,Family Sharing","Adventure,Indie",0.413286,https://cdn.akamai.steamstatic.com/steam/apps/219890/header.jpg?t=1525832559
54,2300,"windows,mac","Single-player,Multi-player,PvP,Shared/Split Screen PvP,Co-op,Shared/Split Screen Co-op,Shared/Split Screen,Full controller support,Steam Cloud,Remote Play Together,Family Sharing",Action,0.413245,https://cdn.akamai.steamstatic.com/steam/apps/2300/header.jpg?t=1664903328
123,8000,"windows,mac","Single-player,Full controller support,Family Sharing","Action,Adventure",0.413103,https://cdn.akamai.steamstatic.com/steam/apps/8000/header.jpg?t=1709838223
241,24870,"windows,mac","Single-player,Multi-player,Partial Controller Support,Family Sharing",Racing,0.412796,https://cdn.akamai.steamstatic.com/steam/apps/24870/header.jpg?t=1622575105
1200,324160,"windows,mac","Single-player,Steam Achievements,Steam Trading Cards,Steam Cloud,Family Sharing","Adventure,Casual",0.412687,https://cdn.akamai.steamstatic.com/steam/apps/324160/header.jpg?t=1711546691
842,254320,"windows,mac","Single-player,Steam Achievements,Family Sharing","Indie,Simulation,Strategy",0.412621,https://cdn.akamai.steamstatic.com/steam/apps/254320/header.jpg?t=1671221115
531,206370,"windows,mac","Single-player,Steam Achievements,Full controller support,Steam Trading Cards,Steam Cloud,Steam Leaderboards,Remote Play on TV,Family Sharing","Action,Indie",0.412573,https://cdn.akamai.steamstatic.com/steam/apps/206370/header.jpg?t=1690304904
813,251830,"windows,mac","Single-player,Steam Achievements,Steam Trading Cards,Partial Controller Support,Steam Cloud,Family Sharing","Action,Adventure,Indie",0.412565,https://cdn.akamai.steamstatic.com/steam/apps/251830/header.jpg?t=1592572419
1185,322190,"windows,mac","Single-player,Steam Achievements,Full controller support,Steam Trading Cards,Steam Cloud,Remote Play on TV,Family Sharing","Action,Adventure,Indie,RPG,Strategy",0.412446,https://cdn.akamai.steamstatic.com/steam/apps/322190/header.jpg?t=1713431767
818,252130,"windows,mac","Single-player,Steam Achievements,Steam Trading Cards,Family Sharing","Adventure,Casual,Indie",0.412421,https://cdn.akamai.steamstatic.com/steam/apps/252130/header.jpg?t=1667304858
356,47540,"windows,mac","Single-player,Multi-player,Steam Achievements,Partial Controller Support,Steam Cloud,Stats,Family Sharing","RPG,Casual",0.412381,https://cdn.akamai.steamstatic.com/steam/apps/47540/header.jpg?t=1540339984
1055,295750,"windows,mac","Single-player,Steam Achievements,Partial Controller Support,Steam Cloud,Family Sharing",Indie,0.412367,https://cdn.akamai.steamstatic.com/steam/apps/295750/header.jpg?t=1597604868
1429,406130,"windows,mac","Single-player,Partial Controller Support,Family Sharing","Action,Indie,RPG",0.412356,https://cdn.akamai.steamstatic.com/steam/apps/406130/header.jpg?t=1455644929
976,278640,"windows,mac","Single-player,Steam Achievements,Steam Trading Cards,Partial Controller Support,Stats,Steam Leaderboards,Family Sharing","Action,Adventure,Indie",0.412328,https://cdn.akamai.steamstatic.com/steam/apps/278640/header.jpg?t=1447360373
581,214490,"windows,mac","Single-player,Steam Achievements,Full controller support,Steam Cloud,Remote Play on TV,Family Sharing",Action,0.412295,https://shared.akamai.steamstatic.com/store_item_assets/steam/apps/214490/header.jpg?t=1711460718
1374,383870,"windows,mac","Single-player,Steam Achievements,Full controller support,Steam Trading Cards,Steam Cloud,Remote Play on Phone,Remote Play on Tablet,Remote Play on TV,Remote Play Together,Family Sharing","Adventure,Indie",0.41228,https://cdn.akamai.steamstatic.com/steam/apps/383870/header.jpg?t=1688484486
701,233450,"windows,mac","Single-player,Steam Achievements,Steam Trading Cards,Steam Workshop,Steam Cloud,Includes level editor,Family Sharing","Indie,Simulation,Strategy",0.412162,https://cdn.akamai.steamstatic.com/steam/apps/233450/header.jpg?t=1705500802
210,20710,"windows,mac","Single-player,Steam Achievements,Family Sharing","Action,Indie,Strategy",0.412162,https://cdn.akamai.steamstatic.com/steam/apps/20710/header.jpg?t=1499419184
287,38460,"windows,mac","Single-player,Family Sharing",Action,0.412162,https://cdn.akamai.steamstatic.com/steam/apps/38460/header.jpg?t=1668714838
685,230980,"windows,mac","Single-player,Partial Controller Support,Family Sharing","Adventure,Indie",0.412162,https://cdn.akamai.steamstatic.com/steam/apps/230980/header.jpg?t=1634922642
328,43129,,,,0.411891,
728,1318840,"windows,mac","Single-player,Multi-player,PvP,Online PvP,Cross-Platform Multiplayer,Family Sharing","RPG,Strategy",0.411832,https://cdn.akamai.steamstatic.com/steam/apps/1318840/header.jpg?t=1592580435
134,8950,,,,0.411812,
1187,322500,"windows,mac","Single-player,Steam Achievements,Full controller support,Steam Trading Cards,Steam Cloud,Remote Play on Phone,Remote Play on Tablet,Remote Play on TV,Family Sharing","Action,Indie",0.41071,https://cdn.akamai.steamstatic.com/steam/apps/322500/header.jpg?t=1705922015
867,258520,"windows,mac","Single-player,Steam Achievements,Full controller support,Steam Trading Cards,Steam Cloud,Remote Play on TV,Family Sharing","Adventure,Indie",0.410577,https://cdn.akamai.steamstatic.com/steam/apps/258520/header.jpg?t=1591617818
1142,312530,"windows,mac","Single-player,Multi-player,PvP,Online PvP,LAN PvP,Shared/Split Screen PvP,Shared/Split Screen,Steam Achievements,Full controller support,Steam Trading Cards,Steam Workshop,Steam Cloud,Includes level editor,Remote Play on Phone,Remote Play on Tablet,Remote","Action,Indie",0.410483,https://cdn.akamai.steamstatic.com/steam/apps/312530/header.jpg?t=1606522299
86,4500,"windows,mac","Single-player,Multi-player,PvP,Online PvP,LAN PvP,Steam Cloud,Family Sharing","Action,RPG",0.409349,https://shared.akamai.steamstatic.com/store_item_assets/steam/apps/4500/header.jpg?t=1686945417
537,207170,"windows,mac","Single-player,Steam Achievements,Steam Workshop,Includes level editor,Family Sharing","Adventure,Indie,RPG",0.408706,https://cdn.akamai.steamstatic.com/steam/apps/207170/header.jpg?t=1447355394
108,6860,"windows,mac","Single-player,Steam Cloud,Family Sharing",Action,0.408704,https://shared.akamai.steamstatic.com/store_item_assets/steam/apps/6860/header.jpg?t=1667311083
1320,365450,"windows,mac","Single-player,Steam Achievements,Steam Trading Cards,Captions available,Steam Workshop,Steam Cloud,Includes level editor,Family Sharing","Indie,Simulation",0.408434,https://cdn.akamai.steamstatic.com/steam/apps/365450/header.jpg?t=1693960812
881,261180,"windows,mac","Single-player,Multi-player,Shared/Split Screen,Cross-Platform Multiplayer,Steam Achievements,Full controller support,Steam Trading Cards,Steam Cloud,Remote Play on TV,Remote Play Together,Family Sharing","Action,Indie,Sports",0.40829,https://cdn.akamai.steamstatic.com/steam/apps/261180/header.jpg?t=1667229581
1354,376570,,,,0.407424,
545,207690,"windows,mac","Single-player,Steam Achievements,Steam Trading Cards,Family Sharing","Adventure,Casual,Indie",0.407326,https://cdn.akamai.steamstatic.com/steam/apps/207690/header.jpg?t=1669304587
401,65800,"windows,mac","Single-player,Multi-player,Co-op,Online Co-op,Shared/Split Screen,Steam Achievements,Full controller support,Steam Trading Cards,Steam Workshop,Steam Cloud,Valve Anti-Cheat enabled,Steam Leaderboards,Remote Play on Phone,Remote Play on Tablet,Remote Play ","Action,Indie,RPG,Strategy",0.407166,https://cdn.akamai.steamstatic.com/steam/apps/65800/header.jpg?t=1688068226
279,35130,"windows,mac","Single-player,Multi-player,Shared/Split Screen,Steam Achievements,Full controller support,Steam Cloud,Stats,Steam Leaderboards,Remote Play Together,Family Sharing","Action,Adventure",0.407091,https://cdn.akamai.steamstatic.com/steam/apps/35130/header.jpg?t=1709838035
348,46500,"windows,mac","Single-player,Steam Trading Cards,Remote Play on Phone,Remote Play on Tablet,Family Sharing","Adventure,Casual",0.406508,https://cdn.akamai.steamstatic.com/steam/apps/46500/header.jpg?t=1709847351
590,215160,"windows,mac","Single-player,Remote Play on Tablet,Family Sharing",Adventure,0.406387,https://cdn.akamai.steamstatic.com/steam/apps/215160/header.jpg?t=1602801890
1302,359320,"windows,mac","Single-player,Multi-player,MMO,Co-op,VR Supported,VR Support,In-App Purchases,Partial Controller Support,Remote Play on Tablet,Family Sharing","Action,Adventure,Massively Multiplayer,RPG,Simulation,Strategy",0.406377,https://cdn.akamai.steamstatic.com/steam/apps/359320/header.jpg?t=1716466488
419,80310,"windows,mac","Single-player,Steam Achievements,Steam Trading Cards,Captions available,Steam Cloud,Commentary available,Family Sharing","Adventure,Indie",0.406253,https://cdn.akamai.steamstatic.com/steam/apps/80310/header.jpg?t=1673436655
462,107600,"windows,mac","Single-player,Steam Achievements,Full controller support,Steam Trading Cards,Steam Cloud,Stats,Steam Leaderboards","Action,Indie",0.406188,https://cdn.akamai.steamstatic.com/steam/apps/107600/header.jpg?t=1659752456
115,7000,"windows,mac","Single-player,Full controller support,Family Sharing","Action,Adventure",0.406185,https://cdn.akamai.steamstatic.com/steam/apps/7000/header.jpg?t=1709843365
652,226620,"windows,mac","Single-player,Steam Achievements,Steam Trading Cards,Family Sharing","Adventure,Casual,Indie,RPG,Strategy",0.406122,https://cdn.akamai.steamstatic.com/steam/apps/226620/header.jpg?t=1681842667
240,24420,"windows,mac","Single-player,Steam Achievements,Partial Controller Support,Family Sharing",Indie,0.40609,https://cdn.akamai.steamstatic.com/steam/apps/24420/header.jpg?t=1447351632
390,63209,"windows,mac","Single-player,Multi-player,Co-op,Steam Achievements,Partial Controller Support,Valve Anti-Cheat enabled,Stats,Steam Leaderboards,Family Sharing","Action,Strategy,Indie,Sports",0.406035,https://cdn.akamai.steamstatic.com/steam/apps/63200/header.jpg?t=1447353796
985,281640,"windows,mac","Single-player,Steam Achievements,Full controller support,Steam Trading Cards,Captions available,Steam Cloud,Stats,Steam Leaderboards,Remote Play on Tablet,Remote Play on TV,Family Sharing","Indie,RPG,Strategy",0.406007,https://cdn.akamai.steamstatic.com/steam/apps/281640/header.jpg?t=1642180902
1077,299030,"windows,mac","Single-player,Family Sharing","Action,Adventure",0.405882,https://cdn.akamai.steamstatic.com/steam/apps/299030/header.jpg?t=1668116208
1189,322680,"windows,mac","Single-player,Steam Achievements,Full controller support,Steam Trading Cards,Captions available,Steam Cloud,Stats,Family Sharing","Action,Adventure,Indie",0.405706,https://cdn.akamai.steamstatic.com/steam/apps/322680/header.jpg?t=1682351614
748,242110,"windows,mac","Single-player,Multi-player,Shared/Split Screen,Steam Achievements,Full controller support,Steam Trading Cards,Steam Workshop,Steam Cloud,Steam Leaderboards,Includes level editor,Remote Play on TV,Remote Play Together,Family Sharing","Action,Casual,Indie,Racing",0.405681,https://cdn.akamai.steamstatic.com/steam/apps/242110/header.jpg?t=1709306875
914,265950,"windows,mac","Single-player,Steam Achievements,Full controller support,Steam Trading Cards,Remote Play on TV,Family Sharing","Adventure,Indie",0.405676,https://cdn.akamai.steamstatic.com/steam/apps/265950/header.jpg?t=1597674094
1116,307580,"windows,mac","Single-player,Steam Achievements,Steam Trading Cards,Captions available,Steam Cloud,Commentary available,Family Sharing","Adventure,Indie",0.405675,https://cdn.akamai.steamstatic.com/steam/apps/307580/header.jpg?t=1667003215
738,240440,"windows,mac","Single-player,Steam Achievements,Steam Workshop,Steam Cloud,Stats,Commentary available,Family Sharing","Action,Adventure,Indie",0.405607,https://cdn.akamai.steamstatic.com/steam/apps/240440/header.jpg?t=1603302631
1322,365660,"windows,mac","Single-player,Multi-player,Shared/Split Screen,Steam Achievements,Full controller support,Steam Leaderboards,Remote Play on TV,Remote Play Together,Family Sharing","Action,Indie,Sports",0.405594,https://cdn.akamai.steamstatic.com/steam/apps/365660/header.jpg?t=1659054444
267,33610,"windows,mac","Single-player,Partial Controller Support,Remote Play on Phone,Remote Play on Tablet,Family Sharing",Adventure,0.405581,https://cdn.akamai.steamstatic.com/steam/apps/33610/header.jpg?t=1706522429
1036,290260,"windows,mac","Single-player,Steam Achievements,Full controller support,Steam Cloud,Remote Play Together,Family Sharing",Indie,0.405563,https://cdn.akamai.steamstatic.com/steam/apps/290260/header.jpg?t=1712246754
1046,292500,"windows,mac","Single-player,Steam Achievements,Full controller support,Steam Trading Cards,Steam Cloud,Remote Play on TV,Family Sharing","Action,Adventure,Indie",0.405561,https://cdn.akamai.steamstatic.com/steam/apps/292500/header.jpg?t=1688030892
1228,332250,"windows,mac","Single-player,Multi-player,Shared/Split Screen,Steam Achievements,Full controller support,Remote Play Together,Family Sharing","Action,Indie,Racing",0.405542,https://cdn.akamai.steamstatic.com/steam/apps/332250/header.jpg?t=1602168342
827,252710,"windows,mac","Single-player,Steam Achievements,Steam Trading Cards,Steam Cloud,Family Sharing",Adventure,0.405525,https://cdn.akamai.steamstatic.com/steam/apps/252710/header.jpg?t=1581351667
69,3010,"windows,mac","Single-player,Multi-player,Family Sharing",Racing,0.405504,https://cdn.akamai.steamstatic.com/steam/apps/3010/header.jpg?t=1639506578
48,1600,"windows,mac","Single-player,Multi-player,Family Sharing",Strategy,0.4055,https://cdn.akamai.steamstatic.com/steam/apps/1600/header.jpg?t=1597950815
62,2710,"windows,mac","Single-player,Multi-player,Family Sharing",Action,0.405498,https://cdn.akamai.steamstatic.com/steam/apps/2710/header.jpg?t=1568008554
294,39520,"windows,mac","Single-player,Multi-player,Family Sharing","Simulation,Strategy",0.405494,https://cdn.akamai.steamstatic.com/steam/apps/39520/header.jpg?t=1562843668
699,233310,"windows,mac","Single-player,Steam Achievements,Family Sharing","Indie,RPG,Strategy",0.405405,https://cdn.akamai.steamstatic.com/steam/apps/233310/header.jpg?t=1671135156
1220,328900,"windows,mac","Single-player,Family Sharing",Simulation,0.405405,https://cdn.akamai.steamstatic.com/steam/apps/328900/header.jpg?t=1690365803
715,236390,"windows,mac","Single-player,Multi-player,MMO,PvP,Online PvP,Co-op,Online Co-op,Cross-Platform Multiplayer,Steam Achievements,Full controller support,VR Supported,In-App Purchases,Remote Play on Phone,Remote Play on Tablet","Action,Massively Multiplayer,Simulation,Free to Play",0.405405,https://cdn.akamai.steamstatic.com/steam/apps/236390/header.jpg?t=1713793346
461,107410,"windows,mac","Single-player,Multi-player,PvP,Online PvP,LAN PvP,Co-op,Online Co-op,LAN Co-op,Steam Achievements,Steam Trading Cards,Captions available,Steam Workshop,Steam Leaderboards,Includes level editor","Action,Simulation,Strategy",0.40515,https://cdn.akamai.steamstatic.com/steam/apps/107410/header.jpg?t=1709821285
405,70300,"windows,mac","Single-player,Steam Achievements,Full controller support,Steam Trading Cards,Steam Cloud,Includes level editor,Remote Play on TV,Family Sharing","Action,Indie",0.403393,https://cdn.akamai.steamstatic.com/steam/apps/70300/header.jpg?t=1704968437
654,226860,"windows,mac","Single-player,Multi-player,PvP,Online PvP,Co-op,Online Co-op,Steam Achievements,Steam Trading Cards,Steam Workshop,Stats,Family Sharing",Strategy,0.403222,https://cdn.akamai.steamstatic.com/steam/apps/226860/header.jpg?t=1697741439
432,94400,"windows,mac","Single-player,Multi-player,PvP,Online PvP,Shared/Split Screen PvP,Shared/Split Screen,Steam Achievements,Full controller support,Steam Trading Cards,Stats,Steam Leaderboards,Remote Play on TV,Remote Play Together,Family Sharing","Action,Indie,Sports",0.402916,https://cdn.akamai.steamstatic.com/steam/apps/94400/header.jpg?t=1688162900
1361,378120,,,,0.402155,
948,273350,,,,0.401494,
1108,304650,"windows,mac","Single-player,Steam Achievements,Steam Trading Cards,Steam Cloud,Family Sharing","Adventure,Indie,RPG",0.401291,https://cdn.akamai.steamstatic.com/steam/apps/304650/header.jpg?t=1710762120
140,9420,"windows,mac","Single-player,Multi-player,Family Sharing",Strategy,0.401048,
201,18500,"windows,mac","Single-player,Steam Achievements,Full controller support,Steam Trading Cards,Remote Play on TV,Family Sharing","Indie,Strategy",0.400959,https://cdn.akamai.steamstatic.com/steam/apps/18500/header.jpg?t=1667008094
782,248310,"windows,mac","Single-player,Steam Achievements,Full controller support,Steam Trading Cards,Steam Cloud,Steam Leaderboards,Remote Play on TV,Family Sharing","Action,Indie",0.400943,https://cdn.akamai.steamstatic.com/steam/apps/248310/header.jpg?t=1632527738
830,253110,"windows,mac","Single-player,Steam Achievements,Steam Trading Cards,Steam Cloud,Family Sharing","Adventure,Indie",0.400732,https://cdn.akamai.steamstatic.com/steam/apps/253110/header.jpg?t=1699606482
1207,325610,"windows,mac","Single-player,Multi-player,PvP,Online PvP,LAN PvP,Co-op,Online Co-op,LAN Co-op,Steam Achievements,Steam Trading Cards,Steam Cloud,Family Sharing",Strategy,0.400588,https://cdn.akamai.steamstatic.com/steam/apps/325610/header.jpg?t=1699976600
386,58610,"windows,mac","Single-player,Multi-player,PvP,Online PvP,Co-op,Online Co-op,Steam Achievements,Valve Anti-Cheat enabled,Family Sharing","Indie,Simulation,Strategy",0.400298,https://cdn.akamai.steamstatic.com/steam/apps/58610/header.jpg?t=1639818022
431,94200,"windows,mac","Single-player,Multi-player,PvP,Shared/Split Screen PvP,Co-op,Shared/Split Screen Co-op,Shared/Split Screen,Steam Achievements,Full controller support,Stats,Steam Leaderboards,Remote Play Together,Family Sharing","Action,Indie",0.400163,https://cdn.akamai.steamstatic.com/steam/apps/94200/header.jpg?t=1576358511
511,204180,"windows,mac","Single-player,Steam Achievements,Steam Trading Cards,Steam Cloud,Stats,Steam Leaderboards,Family Sharing","Adventure,Indie,Strategy",0.400111,https://cdn.akamai.steamstatic.com/steam/apps/204180/header.jpg?t=1665958041
310,40950,"windows,mac","Single-player,Multi-player,PvP,Online PvP,Steam Trading Cards,Steam Cloud,Includes level editor,Family Sharing","Simulation,Strategy",0.40009,https://cdn.akamai.steamstatic.com/steam/apps/40950/header.jpg?t=1698842571
332,44350,"windows,mac","Single-player,Multi-player,Shared/Split Screen,Steam Achievements,Full controller support,Steam Trading Cards,Steam Cloud,Valve Anti-Cheat enabled,Steam Leaderboards,Remote Play on TV,Remote Play Together,Family Sharing","Racing,Sports",0.399932,https://cdn.akamai.steamstatic.com/steam/apps/44350/header.jpg?t=1571948291
1263,346940,"windows,mac","Single-player,Steam Achievements,Steam Workshop,Steam Cloud,Includes level editor,Family Sharing","Adventure,Indie,RPG,Strategy",0.399853,https://cdn.akamai.steamstatic.com/steam/apps/346940/header.jpg?t=1709815037
41,1200,"windows,mac","Multi-player,Steam Achievements,Valve Anti-Cheat enabled,Family Sharing",Action,0.399682,https://cdn.akamai.steamstatic.com/steam/apps/1200/header.jpg?t=1551467896
743,241540,"windows,mac","Single-player,Steam Achievements,Full controller support,Steam Leaderboards,Remote Play on TV,Family Sharing","Action,RPG,Simulation",0.399566,https://cdn.akamai.steamstatic.com/steam/apps/241540/header.jpg?t=1573205685
676,230070,"windows,mac","Single-player,Steam Achievements,Steam Trading Cards,Steam Cloud,Family Sharing","Indie,RPG",0.399473,https://cdn.akamai.steamstatic.com/steam/apps/230070/header.jpg?t=1690313917
577,214170,"windows,mac","Single-player,Family Sharing",RPG,0.39934,https://cdn.akamai.steamstatic.com/steam/apps/214170/header.jpg?t=1568735839
882,261470,"windows,mac","Single-player,Steam Achievements,Family Sharing","Simulation,Strategy",0.399278,https://cdn.akamai.steamstatic.com/steam/apps/261470/header.jpg?t=1710415207
414,73170,"windows,mac","Single-player,Multi-player,Family Sharing",Strategy,0.399244,https://cdn.akamai.steamstatic.com/steam/apps/73170/header.jpg?t=1669648939
1271,350740,"windows,mac","Single-player,Multi-player,Co-op,Shared/Split Screen Co-op,Shared/Split Screen,Steam Achievements,Full controller support,Steam Trading Cards,Steam Cloud,Stats,Steam Leaderboards,Remote Play on TV,Remote Play Together,Family Sharing","Action,Indie",0.399241,https://cdn.akamai.steamstatic.com/steam/apps/350740/header.jpg?t=1574062445
542,207420,"windows,mac","Single-player,Steam Achievements,Full controller support,Steam Trading Cards,Steam Cloud,Steam Leaderboards,Family Sharing","Action,Adventure,Indie",0.399189,https://cdn.akamai.steamstatic.com/steam/apps/207420/header.jpg?t=1667480928
1493,448510,"windows,mac","Single-player,Multi-player,PvP,Shared/Split Screen PvP,Co-op,Shared/Split Screen Co-op,Shared/Split Screen,Steam Achievements,Full controller support,Steam Trading Cards,Steam Cloud,Remote Play on Phone,Remote Play on Tablet,Remote Play on TV,Remote Play ","Action,Casual,Indie,Simulation",0.399156,https://cdn.akamai.steamstatic.com/steam/apps/448510/header.jpg?t=1705075664
181,15520,"windows,mac","Single-player,Steam Achievements,Steam Leaderboards,Family Sharing","Action,Indie,Sports",0.399139,https://cdn.akamai.steamstatic.com/steam/apps/15520/header.jpg?t=1570193105
464,108500,"windows,mac","Single-player,Steam Achievements,Full controller support,Family Sharing","Action,Indie,Strategy",0.399066,https://cdn.akamai.steamstatic.com/steam/apps/108500/header.jpg?t=1447355376
1140,312450,"windows,mac","Single-player,Multi-player,Steam Achievements,Steam Trading Cards,Steam Cloud,Includes level editor","Simulation,Strategy,Free to Play",0.398963,https://cdn.akamai.steamstatic.com/steam/apps/312450/header.jpg?t=1710423242
457,105300,"windows,mac","Single-player,Steam Achievements,Family Sharing","Casual,Indie",0.398948,https://cdn.akamai.steamstatic.com/steam/apps/105300/header.jpg?t=1447354297
1448,416680,"windows,mac","Single-player,Steam Achievements,Steam Trading Cards,Steam Workshop,Steam Cloud,Includes level editor,Family Sharing","Action,Indie,Strategy",0.398904,https://cdn.akamai.steamstatic.com/steam/apps/416680/header.jpg?t=1582640712
725,237990,"windows,mac","Single-player,Steam Achievements,Full controller support,Steam Trading Cards,Captions available,Steam Cloud,Includes level editor,Remote Play on Tablet,Remote Play on TV,Family Sharing","Indie,RPG,Strategy",0.398686,https://shared.akamai.steamstatic.com/store_item_assets/steam/apps/237990/header.jpg?t=1650912084
71,39530,"windows,mac",Family Sharing,Action,0.398649,https://cdn.akamai.steamstatic.com/steam/apps/39530/header.jpg?t=1709653382
441,97130,"windows,mac","Single-player,Multi-player,Co-op,Family Sharing",Strategy,0.398649,https://cdn.akamai.steamstatic.com/steam/apps/97130/header.jpg?t=1447354558
1166,317850,"windows,mac","Single-player,Steam Workshop,Steam Cloud,Stats,Includes level editor,Family Sharing",Strategy,0.398649,https://cdn.akamai.steamstatic.com/steam/apps/317850/header.jpg?t=1711535173
689,231200,"windows,mac","Single-player,Steam Achievements,Full controller support,Captions available,Steam Cloud,Remote Play on TV,Family Sharing","Adventure,Indie",0.398649,https://cdn.akamai.steamstatic.com/steam/apps/231200/header.jpg?t=1692292539
1199,324140,"windows,mac","Single-player,Multi-player,Shared/Split Screen,Steam Achievements,Full controller support,Steam Cloud,Steam Leaderboards,Remote Play Together,Family Sharing","Action,Casual",0.398649,https://cdn.akamai.steamstatic.com/steam/apps/324140/header.jpg?t=1577993615
1164,317320,"windows,mac","Single-player,Steam Achievements,Full controller support,Steam Trading Cards,Family Sharing","Adventure,Indie",0.398649,https://cdn.akamai.steamstatic.com/steam/apps/317320/header.jpg?t=1683296586
96,4920,"windows,mac","Multi-player,PvP,Online PvP,Steam Achievements,Steam Trading Cards,Steam Workshop,Steam Cloud,Valve Anti-Cheat enabled,Includes level editor,Family Sharing","Action,Indie,Strategy",0.398558,https://cdn.akamai.steamstatic.com/steam/apps/4920/header.jpg?t=1639666850
1135,311340,"windows,mac","Single-player,Steam Achievements,Full controller support,Steam Cloud,Steam Leaderboards,Family Sharing","Action,Adventure",0.39842,https://cdn.akamai.steamstatic.com/steam/apps/311340/header.jpg?t=1690416708
8,300,"windows,mac","Multi-player,Cross-Platform Multiplayer,Steam Achievements,Steam Trading Cards,Valve Anti-Cheat enabled,Stats,Includes Source SDK,Family Sharing",Action,0.397976,https://cdn.akamai.steamstatic.com/steam/apps/300/header.jpg?t=1694209029
30,300,"windows,mac","Multi-player,Cross-Platform Multiplayer,Steam Achievements,Steam Trading Cards,Valve Anti-Cheat enabled,Stats,Includes Source SDK,Family Sharing",Action,0.397976,https://cdn.akamai.steamstatic.com/steam/apps/300/header.jpg?t=1694209029
319,41700,"windows,mac","Single-player,Multi-player,PvP,Online PvP,LAN PvP,Steam Cloud,Family Sharing","Action,RPG",0.395715,https://cdn.akamai.steamstatic.com/steam/apps/41700/header.jpg?t=1685134248
60,2600,"windows,mac","Single-player,Family Sharing",Action,0.395265,https://cdn.akamai.steamstatic.com/steam/apps/2600/header.jpg?t=1604376441
1105,304030,,,,0.395199,
653,226840,"windows,mac","Single-player,Multi-player,Co-op,Shared/Split Screen,Cross-Platform Multiplayer,Steam Achievements,Steam Trading Cards,Steam Workshop,Steam Cloud,Includes level editor,Remote Play Together,Family Sharing","RPG,Strategy",0.394855,https://cdn.akamai.steamstatic.com/steam/apps/226840/header.jpg?t=1710241050
629,222750,"windows,mac","Single-player,Multi-player,PvP,Online PvP,Co-op,Online Co-op,Cross-Platform Multiplayer,Steam Trading Cards,Steam Cloud,Family Sharing","Indie,Simulation,Strategy",0.394671,https://cdn.akamai.steamstatic.com/steam/apps/222750/header.jpg?t=1639653297
1047,293260,"windows,mac","Single-player,Multi-player,Co-op,Cross-Platform Multiplayer,Steam Achievements,Steam Trading Cards,Captions available,Includes level editor","Free to Play,RPG,Strategy",0.394177,https://cdn.akamai.steamstatic.com/steam/apps/293260/header.jpg?t=1653471081
753,242820,"windows,mac","Single-player,Steam Achievements,Full controller support,Steam Trading Cards,Steam Cloud,Remote Play on TV,Family Sharing","Action,Indie",0.394112,https://cdn.akamai.steamstatic.com/steam/apps/242820/header.jpg?t=1632130187
1198,323850,"windows,mac","Single-player,Multi-player,PvP,Online PvP,LAN PvP,Shared/Split Screen PvP,Co-op,Online Co-op,LAN Co-op,Shared/Split Screen Co-op,Shared/Split Screen,Steam Achievements,Full controller support,Steam Trading Cards,Steam Workshop,Steam Cloud,Stats,Includes l","Action,Indie",0.393845,https://cdn.akamai.steamstatic.com/steam/apps/323850/header.jpg?t=1702465813
